<?xml version="1.0" encoding="UTF-8"?>
<rss version="2.0" xmlns:ror="http://rorweb.com/0.1/" >
<channel>
  <title>ROR Sitemap for https://informasiindustri.github.io/GodOfGambler/</title>
  <link>https://informasiindustri.github.io/GodOfGambler/</link>

<item>
     <link>https://informasiindustri.github.io/GodOfGambler/</link>
     <title>God Of Gambler</title>
     <description>God Of Gambler - Berita, informasi, dan update terkini dari seluruh dunia</description>
     <ror:updatePeriod></ror:updatePeriod>
     <ror:sortOrder>0</ror:sortOrder>
     <ror:resourceOf>sitemap</ror:resourceOf>
</item>
</channel>
</rss>
  